{"_runtime": 18148.061260938644, "_timestamp": 1721398888.311341, "mfu": 1.9120808050323224, "iter": 12000, "_step": 38, "lr": 0.0005996274957272904, "val/loss": 3.937973737716675, "train/loss": 3.9157216548919678, "_wandb": {"runtime": 18175}}