{"iter": 0, "train/loss": 10.949538230895996, "val/loss": 10.946937561035156, "lr": 0.0, "mfu": -100.0, "_timestamp": 1721184433.5687456, "_runtime": 37.00045967102051, "_step": 0, "_wandb": {"runtime": 77}}