{"iter": 600, "train/loss": 5.5927581787109375, "val/loss": 5.586014270782471, "lr": 0.00017999999999999998, "mfu": -100.0, "_timestamp": 1720560853.579295, "_runtime": 343.28544092178345, "_step": 0, "_wandb": {"runtime": 4696}}