{"_timestamp": 1721372260.9995315, "mfu": -100.0, "iter": 10600, "val/loss": 3.935825824737549, "_runtime": 130.27639842033386, "train/loss": 3.8923423290252686, "lr": 0.0005997244793386992, "_step": 1, "_wandb": {"runtime": 352}}