{"iter": 0, "train/loss": 10.999703407287598, "val/loss": 10.999320030212402, "lr": 0.0, "mfu": -100.0, "_timestamp": 1720440949.565365, "_runtime": 38.88509917259216, "_step": 0, "_wandb": {"runtime": 38}}