{"_runtime": 1414.6519711017609, "val/loss": 10.954697608947754, "_timestamp": 1721383493.4107132, "train/loss": 10.952808380126953, "mfu": -100.0, "_step": 3, "lr": 0.0, "iter": 0, "_wandb": {"runtime": 1427}}