{"iter": 600, "train/loss": 5.494892120361328, "val/loss": 5.611443519592285, "lr": 0.00017999999999999998, "mfu": -100.0, "_timestamp": 1720565914.5868912, "_runtime": 254.63518619537354, "_step": 3, "_wandb": {"runtime": 264}}