{"iter": 0, "train/loss": 10.999703407287598, "val/loss": 10.999320030212402, "lr": 0.0, "mfu": -100.0, "_timestamp": 1720464928.8798697, "_runtime": 39.098474740982056, "_step": 0, "_wandb": {"runtime": 38}}