{"iter": 0, "val/loss": 10.954825401306152, "_timestamp": 1721383407.2558615, "mfu": -100.0, "_step": 2, "_runtime": 1390.868742465973, "train/loss": 10.952951431274414, "lr": 0.0, "_wandb": {"runtime": 1393}}