{"lr": 0.0005995655276451362, "mfu": 1.9203260919136556, "_step": 26, "_timestamp": 1721390981.668962, "train/loss": 3.925132989883423, "iter": 12800, "_runtime": 10592.491130113602, "val/loss": 3.9895730018615723, "_wandb": {"runtime": 10128}}