{"iter": 10600, "_step": 27, "val/loss": 3.899353265762329, "_timestamp": 1721391108.828652, "lr": 0.0005997244793386992, "mfu": -100, "train/loss": 3.887492656707764, "_runtime": 10691.37474322319, "_wandb": {"runtime": 10173}}