{"iter": 0, "train/loss": 4.287365436553955, "val/loss": 4.282260894775391, "lr": 0.0, "mfu": -100.0, "_timestamp": 1720551027.2376928, "_runtime": 22.016352891921997, "_step": 0, "_wandb": {"runtime": 59}}