{"lr": 0.0005997244793386992, "mfu": -100.0, "_step": 27, "iter": 10600, "_runtime": 10691.37474322319, "val/loss": 3.899353265762329, "_timestamp": 1721391108.8286521, "train/loss": 3.8874926567077637, "_wandb": {"runtime": 10173}}