{"iter": 0, "train/loss": 10.9530029296875, "val/loss": 10.953003883361816, "lr": 0.0, "mfu": -100.0, "_timestamp": 1721379709.7368507, "_runtime": 14.31942868232727, "_step": 0, "_wandb": {"runtime": 1046}}