{"iter": 10600, "_step": 5, "_runtime": 530.1197409629822, "val/loss": 3.935825824737549, "_timestamp": 1721380111.851692, "train/loss": 3.8923423290252686, "lr": 0.0005997244793386992, "mfu": -100.0, "_wandb": {"runtime": 104}}