{"_step": 38, "val/loss": 3.937973737716675, "train/loss": 3.915721654891968, "mfu": 1.9120808050323224, "iter": 12000, "_runtime": 18148.061260938644, "_timestamp": 1721398888.311341, "lr": 0.0005996274957272904, "_wandb": {"runtime": 18182}}