{"iter": 11600, "train/loss": 3.8591134548187256, "val/loss": 3.873164653778076, "lr": 0.0005996566938717238, "mfu": 0.9773763216810816, "_timestamp": 1721362911.6918395, "_runtime": 32292.639620542526, "_step": 29, "_wandb": {"runtime": 32404}}