{"_step": 40, "_runtime": 19049.853132486343, "_timestamp": 1721406374.1561594, "mfu": -100.0, "iter": 11800, "val/loss": 3.9238016605377197, "train/loss": 3.8826842308044434, "lr": 0.0005996422436380005, "_wandb": {"runtime": 18556}}