{"iter": 800, "train/loss": 3.254061222076416, "val/loss": 4.780233860015869, "lr": 0.00023999999999999998, "mfu": 1.9114674733870018, "_timestamp": 1721195491.564475, "_runtime": 710.8207139968872, "_step": 8, "_wandb": {"runtime": 713}}