{"iter": 10600, "train/loss": 3.8923423290252686, "val/loss": 3.935825824737549, "lr": 0.0005997244793386992, "mfu": -100.0, "_timestamp": 1721371943.6953528, "_runtime": 16.813108682632446, "_step": 0, "_wandb": {"runtime": 115}}