{"iter": 10600, "train/loss": 3.8923423290252686, "val/loss": 3.935825824737549, "lr": 0.0005997244793386992, "mfu": -100.0, "_timestamp": 1721364492.8959436, "_runtime": 15.573183536529541, "_step": 0, "_wandb": {"runtime": 124}}