{"lr": 0.0005997244793386992, "mfu": -100.0, "_step": 8, "val/loss": 3.935825824737549, "_timestamp": 1721371586.654829, "iter": 10600, "_runtime": 6370.07182598114, "train/loss": 3.8923423290252686, "_wandb": {"runtime": 6582}}