{"iter": 10600, "train/loss": 3.8923423290252686, "val/loss": 3.935825824737549, "lr": 0.0005997244793386992, "mfu": -100.0, "_timestamp": 1721363380.3324866, "_runtime": 22.475842714309692, "_step": 0, "_wandb": {"runtime": 211}}