{"_runtime": 1064.7557327747345, "val/loss": 10.954825401306152, "train/loss": 10.952951431274414, "lr": 0.0, "iter": 0, "_timestamp": 1721380778.2993958, "mfu": -100.0, "_step": 1, "_wandb": {"runtime": 1372}}