{"iter": 600, "train/loss": 5.579984188079834, "val/loss": 5.578790664672852, "lr": 0.00017999999999999998, "mfu": 0.20496731297459056, "_timestamp": 1720479531.9127, "_runtime": 9510.71672487259, "_step": 1, "_wandb": {"runtime": 76345}}