{"iter": 0, "train/loss": 10.999678611755371, "val/loss": 10.999263763427734, "lr": 0.0, "mfu": -100.0, "_timestamp": 1720440865.9058404, "_runtime": 45.4962854385376, "_step": 0, "_wandb": {"runtime": 58}}