{"lr": 0.0005997244793386992, "mfu": -100.0, "_runtime": 518.1253607273102, "iter": 10600, "_step": 4, "val/loss": 3.935825824737549, "_timestamp": 1721372974.3943746, "train/loss": 3.8923423290252686, "_wandb": {"runtime": 557}}