{"iter": 500, "train/loss": 5.8149895668029785, "val/loss": 5.789546489715576, "lr": 0.00015, "mfu": 0.38523538867868584, "_timestamp": 1720468012.5559094, "_runtime": 22334.668093442917, "_step": 5, "_wandb": {"runtime": 23929}}