{"iter": 200, "train/loss": 6.816699028015137, "val/loss": 6.88041877746582, "lr": 5.9999999999999995e-05, "mfu": 2.1970316181191967, "_timestamp": 1721270963.8462267, "_runtime": 717.4503817558289, "_step": 1}