{"iter": 6600, "train/loss": 3.996415376663208, "val/loss": 4.038027763366699, "lr": 0.000599921163801652, "mfu": 2.262436369767428, "_timestamp": 1721330428.2490194, "_runtime": 9797.190053462982, "_step": 14, "_wandb": {"runtime": 9877}}