{"_timestamp": 1721385091.177697, "train/loss": 3.869692325592041, "mfu": 1.9880994725671814, "_runtime": 4720.303323984146, "val/loss": 3.954545259475708, "lr": 0.0005996708464125076, "iter": 11400, "_step": 14, "_wandb": {"runtime": 4779}}