{"_timestamp": 1721381337.323859, "_runtime": 1064.2740330696106, "val/loss": 3.9358441829681396, "_step": 9, "train/loss": 3.8923449516296387, "lr": 0.0005997244793386992, "mfu": -100.0, "iter": 10600, "_wandb": {"runtime": 1059}}