{"lr": 0.0005996422436380005, "mfu": -100.0, "iter": 11800, "_step": 44, "_runtime": 19145.661274194717, "val/loss": 3.923748731613159, "_timestamp": 1721379213.6387272, "train/loss": 3.8826773166656494, "_wandb": {"runtime": 18692}}