{"mfu": 1.8903636917112812, "iter": 12000, "_timestamp": 1721397285.374929, "lr": 0.0005996274957272904, "_step": 36, "_runtime": 16625.76178598404, "val/loss": 3.930565595626831, "train/loss": 3.902284860610962, "_wandb": {"runtime": 16774}}