{"iter": 0, "train/loss": 10.999704360961914, "val/loss": 10.999320030212402, "lr": 0.0, "mfu": -100.0, "_timestamp": 1720467888.1041262, "_runtime": 37.77699422836304, "_step": 0, "_wandb": {"runtime": 37}}