{"lr": 0.0005997244793386992, "mfu": -100.0, "_step": 8, "_runtime": 1032.3031227588654, "_timestamp": 1721381290.5395668, "iter": 10600, "val/loss": 3.9358131885528564, "train/loss": 3.8922910690307617, "_wandb": {"runtime": 522}}