{"mfu": -100.0, "iter": 11800, "val/loss": 3.9237515926361084, "_timestamp": 1721407102.9946082, "lr": 0.0005996422436380005, "_runtime": 19126.543082237244, "train/loss": 3.882629632949829, "_step": 41, "_wandb": {"runtime": 18583}}