{"_runtime": 19145.554738998413, "val/loss": 3.923748731613159, "train/loss": 3.8826773166656494, "lr": 0.0005996422436380005, "mfu": -100.0, "_timestamp": 1721379125.937024, "iter": 11800, "_step": 43, "_wandb": {"runtime": 18676}}