{"iter": 0, "train/loss": 10.999717712402344, "val/loss": 10.999346733093262, "lr": 0.0, "mfu": -100.0, "_timestamp": 1720443601.2088485, "_runtime": 43.24997353553772, "_step": 0, "_wandb": {"runtime": 2099}}