{"_runtime": 636.649284362793, "val/loss": 3.9358131885528564, "_timestamp": 1721380744.6841543, "train/loss": 3.8922910690307617, "_step": 6, "iter": 10600, "lr": 0.0005997244793386992, "mfu": -100.0, "_wandb": {"runtime": 403}}