{"iter": 0, "train/loss": 11.004020690917969, "val/loss": 10.997654914855957, "lr": 0.0, "mfu": -100.0, "_timestamp": 1721194622.7534914, "_runtime": 337.62844729423523, "_step": 0, "_wandb": {"runtime": 359}}