{"iter": 0, "train/loss": 10.999717712402344, "val/loss": 10.999346733093262, "lr": 0.0, "mfu": -100.0, "_timestamp": 1720434466.7292025, "_runtime": 38.54802060127258, "_step": 0, "_wandb": {"runtime": 5086}}