{"iter": 1400, "train/loss": 4.941558361053467, "val/loss": 4.9117326736450195, "lr": 0.00041999999999999996, "mfu": 1.891739424659751, "_timestamp": 1721291459.1137562, "_runtime": 4965.515907287598, "_step": 6, "_wandb": {"runtime": 5520}}