{"_step": 7, "val/loss": 3.935825824737549, "_timestamp": 1721371173.890828, "mfu": -100.0, "iter": 10600, "train/loss": 3.8923423290252686, "lr": 0.0005997244793386992, "_runtime": 5983.459896802902, "_wandb": {"runtime": 6351}}