{"iter": 3800, "train/loss": 4.20262336730957, "val/loss": 4.225644588470459, "lr": 0.0005999879281753112, "mfu": 1.7516904156878659, "_timestamp": 1721304715.7972536, "_runtime": 10892.668189525604, "_step": 12, "_wandb": {"runtime": 11307}}