{"iter": 100, "train/loss": 6.974584579467773, "val/loss": 7.202549934387207, "lr": 2.9999999999999997e-05, "mfu": 0.2558045975543662, "_timestamp": 1721191782.5757954, "_runtime": 7286.568072319031, "_step": 1, "_wandb": {"runtime": 8236}}