{"iter": 11800, "_runtime": 18740.441098690033, "lr": 0.0005996422436380005, "mfu": -100.0, "_step": 39, "val/loss": 3.9237680435180664, "_timestamp": 1721400009.0821948, "train/loss": 3.8826422691345215, "_wandb": {"runtime": 18484}}