{"_runtime": 19126.543082237244, "val/loss": 3.923751592636109, "_timestamp": 1721407102.9946082, "lr": 0.0005996422436380005, "mfu": -100, "iter": 11800, "_step": 41, "train/loss": 3.882629632949829, "_wandb": {"runtime": 18587}}