{"_step": 28, "_runtime": 10724.687885522842, "val/loss": 3.9358441829681396, "train/loss": 3.8923449516296387, "mfu": -100.0, "iter": 10600, "_timestamp": 1721391220.6912174, "lr": 0.0005997244793386992, "_wandb": {"runtime": 10438}}