{"iter": 11800, "val/loss": 3.923748731613159, "_timestamp": 1721379032.3059433, "train/loss": 3.8826773166656494, "lr": 0.0005996422436380005, "mfu": -100.0, "_runtime": 19150.766176223755, "_step": 42, "_wandb": {"runtime": 18628}}