{"iter": 11800, "train/loss": 3.8996965885162354, "val/loss": 3.8620848655700684, "lr": 0.0005996422436380005, "mfu": 1.6815736548648708, "_timestamp": 1721370350.6768994, "_runtime": 5615.282655477524, "_step": 6, "_wandb": {"runtime": 5967}}