{"_step": 2, "_runtime": 371.8578612804413, "_timestamp": 1721372584.8637612, "lr": 0.0005997244793386992, "iter": 10600, "val/loss": 3.935825824737549, "train/loss": 3.8923423290252686, "mfu": -100.0, "_wandb": {"runtime": 453}}