{"iter": 0, "train/loss": 4.287364482879639, "val/loss": 4.282260417938232, "lr": 0.0, "mfu": -100.0, "_timestamp": 1721380007.3635383, "_runtime": 19.425735235214233, "_step": 0, "_wandb": {"runtime": 29}}