{"_step": 3, "_runtime": 474.6194965839386, "_timestamp": 1721372846.1274726, "lr": 0.0005997244793386992, "iter": 10600, "val/loss": 3.935825824737549, "train/loss": 3.8923423290252686, "mfu": -100.0, "_wandb": {"runtime": 494}}