{"val/loss": 3.9358441829681396, "lr": 0.0005997244793386992, "_runtime": 946.7245819568634, "_timestamp": 1721381178.45646, "train/loss": 3.8923449516296387, "mfu": -100.0, "iter": 10600, "_step": 7, "_wandb": {"runtime": 496}}