{"iter": 0, "train/loss": 10.988597869873047, "val/loss": 10.989803314208984, "lr": 0.0, "mfu": -100.0, "_timestamp": 1720559951.7455573, "_runtime": 407.36378931999207, "_step": 0, "_wandb": {"runtime": 438}}